"grupo";"Empresa (nome fantasia)";"Razão social";"CNPJ";"Situação/abertura/porte";"CNAE";"Site";"Telefone";"E-mail (validado? s/n)";"Decisor (cargo)";"Influenciador";"LinkedIn";"Unidade (cidade)";"Distância km (centroides, estimada)";"Evidência de milho";"Milho GMO";"Fonte do dado"
"A";"Gem Alimentos (usina de etanol de milho)";"não encontrado";"não encontrado";"não encontrado";"não encontrado";"não encontrado";"não encontrado";"não encontrado";"não encontrado";"não encontrado";"não encontrado";"Acreúna/GO";"48,2";"explícita";"a confirmar";"Empreender em Goiás 27/02/2023"
"A";"Rei do Milho Alimentos";"não encontrado";"não encontrado";"não encontrado";"não encontrado";"reidomilho.com.br";"(62) 3514-1751";"geral@reidomilho.com.br / contato@reidomilho.com.br (não validado)";"não encontrado";"não encontrado";"não encontrado";"Inhumas/GO";"108,8";"explícita";"a confirmar";"site 06/10/2026"
"A";"BRF/MBRF — complexo Rio Verde";"não encontrado";"não encontrado";"grande";"não encontrado";"brf-global.com";"não encontrado";"não encontrado";"não encontrado";"não encontrado";"não encontrado";"Rio Verde/GO";"129,2";"explícita";"a confirmar";"Folha 23/06/2014; UNIFACS; Política em Goiás 18/09/2024"
"A";"Usina Rio Verde";"não encontrado";"não encontrado";"não encontrado";"não encontrado";"usinarioverde.com.br";"não encontrado";"não encontrado";"não encontrado";"não encontrado";"não encontrado";"Rio Verde/GO";"129,2";"explícita (grãos; milho não nomeado)";"a confirmar";"site 06/10/2026"
"A";"Caramuru Alimentos — fábrica de milho";"não encontrado";"não encontrado";"grande";"não encontrado";"caramuru.com";"não encontrado";"não encontrado";"não encontrado";"não encontrado";"não encontrado";"Itumbiara/GO";"142,4";"explícita";"a confirmar (declara linha não transgênica)";"Relatório Caramuru 2020"
"A";"São Martinho — Usina Boa Vista (milho)";"não encontrado";"não encontrado";"grande";"não encontrado";"usinasaomartinho.com";"não encontrado";"não encontrado";"não encontrado";"não encontrado";"não encontrado";"Quirinópolis/GO";"151,4";"explícita";"a confirmar";"Globo Rural 11/08/2025"
"A";"Cargill Bioenergia — Unidade São Francisco";"não encontrado";"não encontrado";"grande";"não encontrado";"não encontrado";"não encontrado";"não encontrado";"não encontrado";"não encontrado";"não encontrado";"Quirinópolis/GO";"151,4";"explícita";"a confirmar";"Notícia da Hora 31/08/2026"
"A";"Cargill — complexo Uberlândia";"CARGILL AGRICOLA S A";"60.498.706/0134-88";"ativa; filial; abertura 1981-05-18; Demais";"1065-1/01 Fabricação de amidos e féculas de vegetais";"não encontrado";"não encontrado";"não encontrado";"não encontrado";"não encontrado";"não encontrado";"Uberlândia/MG";"268,1";"explícita";"a confirmar";"Parecer COPAM 25/01/2021; BrasilAPI 06/10/2026"
"A";"Grupo JBJ — Fazenda Colorado (confinamento)";"não encontrado";"não encontrado";"grande";"não encontrado";"não encontrado";"não encontrado";"não encontrado";"não encontrado";"não encontrado";"não encontrado";"Aruanã/GO";"284,1";"explícita (produz parte do milho)";"a confirmar";"Curta Mais 05/01/2026"
"A";"JBS — confinamento com fábrica de ração";"não encontrado";"não encontrado";"grande";"não encontrado";"não encontrado";"não encontrado";"não encontrado";"não encontrado";"não encontrado";"não encontrado";"Aruanã/GO";"284,1";"explícita (fonte de 2014)";"a confirmar";"ACSURS 07/05/2014"
"A";"Agroquima — fábrica de rações";"não encontrado";"não encontrado";"~341 funcionários (LinkedIn)";"não encontrado";"não encontrado";"não encontrado";"não encontrado";"não encontrado";"não encontrado";"não encontrado";"Aparecida de Goiânia/GO";"85,9";"indício";"a confirmar";"LinkedIn 06/10/2026"
"A";"SuperFrango — SSA Rações NV";"SAO SALVADOR ALIMENTOS S/A";"03.387.396/0022-94";"ativa; filial; abertura 2020-02-09; Demais";"1066-0/00 Fabricação de alimentos para animais";"não encontrado";"não encontrado";"não encontrado";"não encontrado";"não encontrado";"não encontrado";"Nova Veneza/GO";"115,8";"indício";"a confirmar";"BrasilAPI 06/10/2026"
"A";"Adimax — unidade Goianápolis";"não encontrado";"não encontrado";"grande";"não encontrado";"adimax.com.br";"não encontrado";"não encontrado";"não encontrado";"não encontrado";"não encontrado";"Goianápolis/GO";"121,5";"indício";"a confirmar";"site 06/10/2026"
"A";"SuperFrango — Super Frango Rações";"SAO SALVADOR ALIMENTOS S/A";"03.387.396/0002-40";"ativa; filial; abertura 1992-06-11; Demais";"1066-0/00 Fabricação de alimentos para animais";"não encontrado";"não encontrado";"não encontrado";"não encontrado";"não encontrado";"não encontrado";"Itaberaí/GO";"123,8";"indício";"a confirmar";"BrasilAPI 06/10/2026"
"A";"SuperFrango — Fábrica de Rações Matrizes";"SAO SALVADOR ALIMENTOS S/A";"03.387.396/0024-56";"ativa; filial; abertura 2021-02-24; Demais";"1066-0/00 Fabricação de alimentos para animais";"não encontrado";"não encontrado";"não encontrado";"não encontrado";"não encontrado";"não encontrado";"Itaberaí/GO";"123,8";"indício";"a confirmar";"BrasilAPI 06/10/2026"
"A";"De Heus — unidade Itaberaí";"não encontrado";"não encontrado";"não encontrado";"não encontrado";"não encontrado";"não encontrado";"não encontrado";"não encontrado";"não encontrado";"não encontrado";"Itaberaí/GO";"123,8";"indício";"a confirmar";"Portal do Agronegócio 26/05/2026"
"A";"Comigo — fábrica de rações";"COOPERATIVA AGROINDUSTRIAL DOS PRODUTORES RURAIS DO SUDOESTE GOIANO";"02.077.618/0002-66";"ativa; filial; abertura 1978-03-12; Demais";"1041-4/00 (secundário 1066-0/00)";"comigo.coop.br";"(64) 3611-1500";"não encontrado";"não encontrado";"não encontrado";"não encontrado";"Rio Verde/GO";"129,2";"indício (fábrica); cooperativa negocia milho";"a confirmar";"site; revista Comigo; BrasilAPI 06/10/2026"
"A";"Fazenda Tropical — boitel";"não encontrado";"não encontrado";"não encontrado";"não encontrado";"fazendatropicalgoias.com.br";"(64) 99904-1996";"fazenda.tropical@yahoo.com.br (não validado)";"não encontrado";"não encontrado";"não encontrado";"Montividiu/GO";"130,6";"indício";"a confirmar";"site 06/10/2026"
"A";"Premix — filial Anápolis";"MANUFATURACAO DE PRODUTOS PARA ALIMENTACAO ANIMAL PREMIX LTDA";"50.411.321/0028-77";"ativa; filial; abertura 2022-02-10; Demais";"1066-0/00 Fabricação de alimentos para animais";"não encontrado";"não encontrado";"não encontrado";"não encontrado";"não encontrado";"não encontrado";"Anápolis/GO";"145,4";"indício fraco";"a confirmar";"BrasilAPI 06/10/2026"
"A";"Agrocria Nutrição Animal";"não encontrado";"não encontrado";"não encontrado";"não encontrado";"não encontrado";"não encontrado";"não encontrado";"não encontrado";"não encontrado";"não encontrado";"Anápolis/GO";"145,4";"indício (2014)";"a confirmar";"relatório de estágio 2014"
"A";"BAIA Nutrição Animal (Araguaia)";"não encontrado";"não encontrado";"não encontrado";"não encontrado";"araguaia.com.br";"não encontrado";"não encontrado";"não encontrado";"não encontrado";"não encontrado";"Abadiânia/GO";"173,8";"indício";"a confirmar";"site 06/10/2026"
"A";"Confinamento Pontal";"não encontrado";"não encontrado";"não encontrado";"não encontrado";"não encontrado";"não encontrado";"não encontrado";"não encontrado";"não encontrado";"não encontrado";"Itapirapuã/GO";"185,8";"indício";"a confirmar";"Diário da Manhã 13/09/2024"
"A";"BRF/MBRF — Jataí";"não encontrado";"não encontrado";"grande";"não encontrado";"brf-global.com";"não encontrado";"não encontrado";"não encontrado";"não encontrado";"não encontrado";"Jataí/GO";"203,6";"indício";"a confirmar";"UNIFACS; Política em Goiás 18/09/2024"
"A";"FVO Alimentos — fábrica Rialma";"não encontrado";"não encontrado";"não encontrado";"não encontrado";"fvoalimentos.com.br";"não encontrado";"não encontrado";"não encontrado";"não encontrado";"não encontrado";"Rialma/GO";"210,3";"indício";"a confirmar";"site 06/10/2026"
"A";"Rialma Agropecuária — confinamento";"não encontrado";"não encontrado";"não encontrado";"não encontrado";"não encontrado";"não encontrado";"não encontrado";"não encontrado";"não encontrado";"não encontrado";"Luziânia/GO";"224,4";"indício";"a confirmar";"IF Goiano 15/08/2025"
"A";"BRF/MBRF — Mineiros";"não encontrado";"não encontrado";"grande";"não encontrado";"brf-global.com";"não encontrado";"não encontrado";"não encontrado";"não encontrado";"não encontrado";"Mineiros/GO";"299,8";"indício";"a confirmar";"UNIFACS"
"A2";"Inpasa — biorrefinaria (em construção)";"não encontrado";"não encontrado";"grande";"não encontrado";"inpasa.com.br";"não encontrado";"não encontrado";"não encontrado";"não encontrado";"não encontrado";"Rio Verde/GO";"129,2";"projeto (op. 1º tri 2027)";"a confirmar";"Inpasa 30/10/2025"
"A2";"Goiás Bioenergia — planta de milho anunciada";"não encontrado";"não encontrado";"não encontrado";"não encontrado";"não encontrado";"não encontrado";"não encontrado";"não encontrado";"não encontrado";"não encontrado";"Porteirão/GO";"81,9";"projeto (operação não confirmada)";"a confirmar";"JornalCana 08/06/2022"
"A2";"Energética Serranópolis";"não encontrado";"não encontrado";"não encontrado";"não encontrado";"não encontrado";"não encontrado";"não encontrado";"não encontrado";"não encontrado";"não encontrado";"Serranópolis/GO";"264,3";"projeto (início previsto 2026)";"a confirmar";"Jornal Opção 13/06/2026"
"A3";"Milhão Ingredientes";"não encontrado";"não encontrado";"não encontrado";"não encontrado";"milhao.net";"não encontrado";"não encontrado";"não encontrado";"não encontrado";"não encontrado";"Goianira/GO e Rio Verde/GO";"95,4 / 129,2";"explícita";"contrária (Non-GMO declarado)";"site 06/10/2026"
"A3";"BRMill Alimentos";"não encontrado";"não encontrado";"não encontrado";"não encontrado";"brmill.com.br";"não encontrado";"não encontrado";"não encontrado";"não encontrado";"não encontrado";"Silvânia/GO";"163,3";"explícita";"contrária (Non-GMO declarado)";"site 06/10/2026"
"B";"Cargill Agro — Rio Verde";"CARGILL AGRO LTDA.";"53.169.389/0013-01";"ativa; filial; abertura 2011-01-27; Demais";"4632-0/01 Comércio atacadista de cereais";"não encontrado";"não encontrado";"não encontrado";"não encontrado";"não encontrado";"não encontrado";"Rio Verde/GO";"129,2";"trader";"—";"BrasilAPI 06/10/2026"
"B";"Louis Dreyfus Company — Rio Verde e Itumbiara";"não encontrado";"não encontrado";"não encontrado";"não encontrado";"ldc.com";"não encontrado";"não encontrado";"não encontrado";"não encontrado";"não encontrado";"Rio Verde/GO; Itumbiara/GO";"129,2 / 142,4";"trader";"—";"site LDC; pili.ind.br"
"B";"Bunge — armazéns em GO";"não encontrado";"não encontrado";"não encontrado";"não encontrado";"não encontrado";"não encontrado";"não encontrado";"não encontrado";"não encontrado";"não encontrado";"Localização pendente";"—";"trader";"—";"pili.ind.br"
"B";"Cereal Comércio Exportação — armazéns em GO";"não encontrado";"não encontrado";"não encontrado";"não encontrado";"não encontrado";"não encontrado";"não encontrado";"não encontrado";"não encontrado";"não encontrado";"Localização pendente";"—";"trader";"—";"pili.ind.br"
"B";"Gravos Comercialização de Grãos";"não encontrado";"não encontrado";"não encontrado";"não encontrado";"gravos.com.br";"(64) 99617-5105";"comercial@gravos.com.br (não validado)";"não encontrado";"não encontrado";"não encontrado";"Rio Verde/GO";"129,2";"trader";"—";"site 06/10/2026"
