ibge_code;municipio;uf;lat;lon;distancia_km_centroides
5209952;Indiara;GO;-17.1852;-49.9682;0
5211701;Jandaia;GO;-17.0923;-50.1822;25
5205455;Cezarina;GO;-17.0859;-49.7563;25.1
5207402;Edéia;GO;-17.4771;-49.9638;32.5
5207352;Edealina;GO;-17.4201;-49.7396;35.7
5221908;Varjão;GO;-17.0781;-49.6112;39.8
5215702;Palmeiras de Goiás;GO;-16.809;-49.9448;41.9
5215900;Palminópolis;GO;-16.8204;-50.1941;47.1
5200134;Acreúna;GO;-17.4523;-50.326;48.2
5209200;Guapó;GO;-16.9115;-49.5718;52
5204607;Campestre de Goiás;GO;-16.788;-49.6996;52.6
5212600;Mairipotaba;GO;-17.3002;-49.4573;55.7
5220058;São João da Paraúna;GO;-16.8188;-50.3729;59.3
5217708;Pontalina;GO;-17.5311;-49.5377;59.7
5222054;Vicentinópolis;GO;-17.7236;-49.8727;60.7
5201801;Aragoiânia;GO;-16.9515;-49.4187;63.9
5206503;Cromínia;GO;-17.2405;-49.3569;65.2
5214408;Nazário;GO;-16.5833;-49.8494;68.1
5221502;Turvânia;GO;-16.5774;-50.1323;69.8
5200050;Abadia de Goiás;GO;-16.7856;-49.4521;70.6
5207808;Firminópolis;GO;-16.6399;-50.3128;70.9
5219100;Santa Bárbara de Goiás;GO;-16.5967;-49.6786;72.3
5216403;Paraúna;GO;-17.0471;-50.638;72.8
5221551;Turvelândia;GO;-17.7546;-50.3128;73.1
5221403;Trindade;GO;-16.6402;-49.5448;75.5
5209705;Hidrolândia;GO;-17.0115;-49.2668;77
5212105;Joviânia;GO;-17.7952;-49.6189;77.3
5218391;Professor Jamil;GO;-17.2708;-49.2449;77.4
5200506;Aloândia;GO;-17.6938;-49.4655;77.7
5202809;Avelinópolis;GO;-16.4929;-49.7668;79.9
5219712;Santo Antônio da Barra;GO;-17.5254;-50.6309;79.9
5202601;Aurilândia;GO;-16.6953;-50.5253;80.5
5218052;Porteirão;GO;-17.9012;-50.1479;81.9
5201405;Aparecida de Goiânia;GO;-16.81;-49.2625;85.9
5201306;Anicuns;GO;-16.3971;-49.9679;87.6
5205208;Caturaí;GO;-16.4548;-49.5836;91
5220108;São Luís de Montes Belos;GO;-16.4555;-50.3757;92
5204201;Cachoeira de Goiás;GO;-16.7195;-50.6988;93.4
5200159;Adelândia;GO;-16.3691;-50.1846;93.6
5219308;Santa Helena de Goiás;GO;-17.8018;-50.5791;94.3
5208707;Goiânia;GO;-16.6436;-49.2738;95.3
5201603;Araçu;GO;-16.3659;-49.7008;95.4
5208806;Goianira;GO;-16.5003;-49.4286;95.4
5209101;Goiatuba;GO;-17.9937;-49.6588;95.7
5200852;Americano do Brasil;GO;-16.261;-50.0001;102.8
5213004;Maurilândia;GO;-18.0362;-50.3639;103.5
5217104;Piracanjuba;GO;-17.3324;-48.9928;104.9
5220454;Senador Canedo;GO;-16.7046;-49.1073;106
5219738;Santo Antônio de Goiás;GO;-16.4767;-49.2931;106.6
5210000;Inhumas;GO;-16.3076;-49.5159;108.8
5203609;Brazabrantes;GO;-16.3861;-49.3774;108.9
5219001;Sanclerlândia;GO;-16.2851;-50.3753;109.1
5213806;Morrinhos;GO;-17.7747;-49.1287;110.6
5203500;Bom Jesus de Goiás;GO;-18.1892;-49.8785;112
5205703;Córrego do Ouro;GO;-16.3653;-50.5821;112.2
5213400;Moiporá;GO;-16.5079;-50.7729;114
5205059;Castelândia;GO;-18.1563;-50.34;114.9
5203302;Bela Vista de Goiás;GO;-16.9577;-48.9115;115.1
5213905;Mossâmedes;GO;-16.1624;-50.1584;115.5
5215009;Nova Veneza;GO;-16.3585;-49.3065;115.8
5211404;Itauçu;GO;-16.1953;-49.608;116.6
5204557;Caldazinha;GO;-16.7424;-48.9718;116.9
5214507;Nerópolis;GO;-16.4268;-49.1848;118.6
5203559;Bonfinópolis;GO;-16.6017;-49.0097;120.9
5208400;Goianápolis;GO;-16.515;-49.066;121.5
5206800;Damolândia;GO;-16.2556;-49.3337;123.5
5210406;Itaberaí;GO;-16.0809;-49.8229;123.8
5203939;Buriti de Goiás;GO;-16.1695;-50.4534;124.2
5221197;Terezópolis de Goiás;GO;-16.4423;-49.0731;126.1
5211602;Ivolândia;GO;-16.6764;-51.0354;126.8
5216007;Panamá;GO;-18.2046;-49.4038;128.2
5218805;Rio Verde;GO;-17.7392;-51.0385;129.2
5213756;Montividiu;GO;-17.3179;-51.1899;130.6
5215405;Ouro Verde de Goiás;GO;-16.2544;-49.2196;130.6
5221007;Taquaral de Goiás;GO;-16.0455;-49.5939;132.9
5212303;Leopoldo de Bulhões;GO;-16.5704;-48.8882;133.7
5210307;Israelândia;GO;-16.3577;-50.8813;133.9
5206305;Cristianópolis;GO;-17.213;-48.7073;134
5219506;Santa Rosa de Goiás;GO;-16.0614;-49.4815;135.3
5204854;Campo Limpo de Goiás;GO;-16.2867;-49.1026;135.9
5200902;Amorinópolis;GO;-16.6259;-51.1086;136.3
5216809;Petrolina de Goiás;GO;-16.1117;-49.3158;138.1
5220264;São Miguel do Passa Quatro;GO;-16.9896;-48.6677;139.9
5211503;Itumbiara;GO;-18.3536;-49.4175;142.4
5210562;Itaguari;GO;-15.9379;-49.6245;143.4
5218789;Rio Quente;GO;-17.8321;-48.782;144.9
5215207;Novo Brasil;GO;-16.0547;-50.6463;145
5201108;Anápolis;GO;-16.2906;-48.9729;145.4
5203906;Buriti Alegre;GO;-18.1257;-49.0077;145.9
5219209;Santa Cruz de Goiás;GO;-17.3598;-48.5937;147.2
5209937;Inaciolândia;GO;-18.5094;-49.9156;147.3
5212055;Jesúpolis;GO;-15.9623;-49.4106;148.4
5209150;Gouvelândia;GO;-18.5092;-50.1558;148.6
5207600;Fazenda Nova;GO;-16.1514;-50.8576;149
5204250;Cachoeira Dourada;GO;-18.4902;-49.6229;149.6
5218508;Quirinópolis;GO;-18.4375;-50.5292;151.4
5208905;Goiás;GO;-15.8471;-50.2426;151.6
5204508;Caldas Novas;GO;-17.7096;-48.6463;151.9
5210208;Iporá;GO;-16.4165;-51.181;154.8
5219902;São Francisco de Goiás;GO;-15.9515;-49.2547;156.8
5200209;Água Limpa;GO;-18.0798;-48.7911;159.5
5212006;Jaupaci;GO;-16.1904;-51.059;160.4
5209606;Heitoraí;GO;-15.7436;-49.7839;161.5
5210604;Itaguaru;GO;-15.7732;-49.612;161.5
5212907;Marzagão;GO;-17.9862;-48.6884;162.3
5208152;Gameleira de Goiás;GO;-16.4034;-48.6738;162.9
5220603;Silvânia;GO;-16.6071;-48.5575;163.3
5215652;Palestina de Goiás;GO;-16.7045;-51.4418;165.6
3109808;Cachoeira Dourada;MG;-18.6073;-49.4789;166.4
5215801;Palmelo;GO;-17.3064;-48.3974;167.4
5222005;Vianópolis;GO;-16.8128;-48.4408;167.6
5217401;Pires do Rio;GO;-17.2717;-48.3889;168
3131406;Ipiaçu;MG;-18.6982;-49.9321;168.3
5209291;Guaraíta;GO;-15.6728;-50.0502;168.4
3103751;Araporã;MG;-18.4774;-49.1272;169
3112604;Capinópolis;MG;-18.6872;-49.5816;171.9
5200100;Abadiânia;GO;-16.1865;-48.7135;173.8
5211800;Jaraguá;GO;-15.7023;-49.386;176.2
5201454;Aparecida do Rio Doce;GO;-18.2161;-51.2629;178.7
5207105;Diorama;GO;-16.2233;-51.3505;182
5211206;Itapuranga;GO;-15.548;-49.9497;182.1
5221700;Uruana;GO;-15.5778;-49.6422;182.1
3115805;Centralina;MG;-18.6325;-49.1625;182.1
5217302;Pirenópolis;GO;-15.8101;-49.0111;183.8
5204102;Cachoeira Alta;GO;-18.5422;-50.9822;185.2
5211008;Itapirapuã;GO;-15.7029;-50.7715;185.8
5205901;Corumbaíba;GO;-18.1696;-48.533;187.4
5215306;Orizona;GO;-17.0079;-48.1949;189.5
3111804;Canápolis;MG;-18.7579;-49.2719;189.8
5221809;Urutaí;GO;-17.4357;-48.1963;190.2
5216304;Paranaiguara;GO;-18.8086;-50.6241;193.4
5202353;Arenópolis;GO;-16.3532;-51.5852;195.4
5205802;Corumbá de Goiás;GO;-15.9304;-48.6781;195.9
5205000;Carmo do Rio Verde;GO;-15.425;-49.7427;197.2
5204409;Caiapônia;GO;-17.0071;-51.8148;197.3
3169604;Tupaciguara;MG;-18.535;-48.7553;197.5
5218706;Rianápolis;GO;-15.4726;-49.4416;198.5
5207535;Faina;GO;-15.4355;-50.3706;199.2
5200308;Alexânia;GO;-16.0892;-48.4819;199.8
5220280;São Patrício;GO;-15.3665;-49.827;202.8
3159803;Santa Vitória;MG;-18.9895;-50.2752;203.2
5211909;Jataí;GO;-17.9096;-51.7322;203.6
5214804;Nova Aurora;GO;-18.1003;-48.2965;204.3
3134202;Ituiutaba;MG;-18.9926;-49.5442;205.9
5210109;Ipameri;GO;-17.5059;-48.0545;206.2
5213855;Morro Agudo de Goiás;GO;-15.3113;-50.0115;208.4
5204300;Caçu;GO;-18.7007;-51.1312;208.6
5218607;Rialma;GO;-15.3408;-49.5317;210.3
5219258;Santa Fé de Goiás;GO;-15.6674;-51.1715;212
3129103;Gurinhatã;MG;-19.0984;-49.8701;213
5220405;São Simão;GO;-19.0106;-50.5904;213.4
5205406;Ceres;GO;-15.2763;-49.6367;215.2
5217203;Piranhas;GO;-16.414;-51.8421;217.1
3142809;Monte Alegre de Minas;MG;-18.8445;-48.8868;217.1
5219753;Santo Antônio do Descoberto;GO;-16.0861;-48.2822;217.3
5212956;Matrinchã;GO;-15.3776;-50.7744;218.6
5208509;Goiandira;GO;-18.1231;-48.1389;220.1
5213707;Montes Claros de Goiás;GO;-15.9145;-51.5799;222.4
5201207;Anhanguera;GO;-18.3124;-48.2254;223.1
5218904;Rubiataba;GO;-15.1806;-49.8764;223.1
5219357;Santa Isabel;GO;-15.2514;-49.3889;223.7
5205513;Cocalzinho de Goiás;GO;-15.6558;-48.6024;223.9
5212501;Luziânia;GO;-16.4818;-47.9916;224.4
5210158;Ipiranga de Goiás;GO;-15.1689;-49.6695;226.5
5208608;Goianésia;GO;-15.2751;-49.1664;229
5212204;Jussara;GO;-15.5826;-51.3303;229.9
5206602;Cumari;GO;-18.3208;-48.134;231.7
5202155;Araguapaz;GO;-15.1394;-50.4395;233
5215231;Novo Gama;GO;-16.1249;-48.0745;233.7
5211305;Itarumã;GO;-18.8442;-51.3307;234.1
5204805;Campo Alegre de Goiás;GO;-17.551;-47.7682;237
5214705;Nova América;GO;-15.0451;-49.9343;238
5214861;Nova Glória;GO;-15.0777;-49.5073;239.5
5200258;Águas Lindas de Goiás;GO;-15.7558;-48.2857;239.7
3103504;Araguari;MG;-18.5771;-48.222;241
5216452;Perolândia;GO;-17.494;-52.2252;242
5221858;Valparaíso de Goiás;GO;-16.0847;-47.9885;243.8
5222302;Vila Propício;GO;-15.2697;-48.8135;246.1
3170438;União de Minas;MG;-19.4084;-50.343;250.4
5203401;Bom Jardim de Goiás;GO;-16.1686;-52.0734;251.1
5210901;Itapaci;GO;-14.9424;-49.6471;251.7
5203807;Britânia;GO;-15.2372;-51.2083;253.9
3111101;Campina Verde;MG;-19.4791;-49.81;255.6
5210802;Itajá;GO;-19.1012;-51.3195;256.5
3138625;Limeira do Oeste;MG;-19.4074;-50.6476;257.3
5205497;Cidade Ocidental;GO;-16.124;-47.8191;257.6
5205109;Catalão;GO;-17.9309;-47.6649;257.9
3152808;Prata;MG;-19.3299;-48.9542;261.4
5215504;Ouvidor;GO;-18.2183;-47.7471;261.8
5212253;Lagoa Santa;GO;-19.1827;-51.2841;262
5220157;São Luiz do Norte;GO;-14.9162;-49.2756;262.9
5220504;Serranópolis;GO;-18.2248;-52.212;264.3
5221304;Três Ranchos;GO;-18.3436;-47.7809;265
5206206;Cristalina;GO;-16.6981;-47.5176;266.2
3170206;Uberlândia;MG;-19.0278;-48.3317;268.1
5201702;Aragarças;GO;-15.9694;-52.1461;268.6
5214002;Mozarlândia;GO;-14.8429;-50.5875;268.7
3115003;Cascalho Rico;MG;-18.5686;-47.877;269.5
5215603;Padre Bernardo;GO;-15.3614;-48.3043;269.6
5207253;Doverlândia;GO;-16.8047;-52.4933;271.8
5219456;Santa Rita do Novo Destino;GO;-14.8767;-49.0552;274.6
5206909;Davinópolis;GO;-18.1175;-47.5655;274.9
3127909;Grupiara;MG;-18.4881;-47.7604;275
5209457;Guarinos;GO;-14.6994;-49.7306;277.6
5203104;Baliza;GO;-16.3599;-52.4385;278.5
5203203;Barro Alto;GO;-14.9079;-48.8796;278.7
5300108;Brasília;DF;-15.7812;-47.7969;279.2
5209804;Hidrolina;GO;-14.7395;-49.363;279.5
5201504;Aporé;GO;-18.7684;-52.0452;281.5
5206404;Crixás;GO;-14.64;-50.0652;283.2
5202502;Aruanã;GO;-14.806;-50.9377;284.1
3134400;Iturama;MG;-19.7163;-50.345;284.2
3123502;Douradoquara;MG;-18.4374;-47.6044;286.4
3161304;São Francisco de Sales;MG;-19.7968;-49.8594;290.6
5218102;Portelândia;GO;-17.3513;-52.7048;291.2
3124807;Estrela do Sul;MG;-18.7151;-47.7264;291.8
3116902;Comendador Gomes;MG;-19.6722;-49.0709;292.3
5216908;Pilar de Goiás;GO;-14.5869;-49.5217;292.8
3100104;Abadia dos Dourados;MG;-18.3533;-47.459;295.7
3133402;Itapagipe;MG;-19.7949;-49.4235;295.8
3130705;Indianópolis;MG;-18.9523;-47.8496;297.9
5213053;Mimoso de Goiás;GO;-15.0177;-48.3081;299.2
3114550;Carneirinho;MG;-19.7502;-50.8298;299.3
5213103;Mineiros;GO;-17.5981;-52.7601;299.8
